,test_group,test_index
3797,N1Zr1,3797
3798,N1Zr1,3798
3799,N1Zr1,3799
3800,N1Zr1,3800
3801,N1Zr1,3801
3802,N1Zr1,3802
3803,N1Zr1,3803
3804,N1Zr1,3804
3805,N1Zr1,3805
3806,N1Zr1,3806
3807,N1Zr1,3807
3808,N1Zr1,3808
3809,N1Zr1,3809
3810,N1Zr1,3810
3811,N1Zr1,3811
3812,N1Zr1,3812
3813,N1Zr1,3813
3814,N1Zr1,3814
3815,N1Zr1,3815
3816,N1Zr1,3816
3817,N1Zr1,3817
3818,N1Zr1,3818
3819,N1Zr1,3819
3820,N1Zr1,3820
3821,N1Zr1,3821
3822,N1Zr1,3822
3823,N1Zr1,3823
3824,N1Zr1,3824
3825,N1Zr1,3825
3826,N1Zr1,3826
3827,N1Zr1,3827
3828,N1Zr1,3828
3829,N1Zr1,3829
3830,N1Zr1,3830
3831,N1Zr1,3831
3832,N1Zr1,3832
3833,N1Zr1,3833
3834,N1Zr1,3834
3835,N1Zr1,3835
